,Specs,Score
12,wbcc,18410.499856008675
13,rbcc,13237.08348883311
6,bu,2533.0481687199845
5,bgr,2501.8507186707557
11,pcv,448.47445704739295
7,sc,369.4779408737181
3,al,258.0
10,hemo,155.4229815792848
0,age,118.14898994796212
4,su,110.4
1,bp,72.56692913385827
8,sod,43.13430547304605
9,pot,2.543302886105505
2,sg,0.006680386060215742
